Date,Product,Category,Region,Sales,Quantity
2024-01-15,Laptop,Electronics,North,1200,2
2024-01-16,Phone,Electronics,South,800,4
2024-01-17,Desk,Furniture,East,350,1
2024-01-18,Chair,Furniture,West,150,3
2024-01-19,Laptop,Electronics,North,1800,3
2024-01-20,Monitor,Electronics,South,400,2
2024-01-21,Table,Furniture,East,500,1
2024-01-22,Phone,Electronics,West,600,3
2024-01-23,Laptop,Electronics,North,1200,2
2024-01-24,Chair,Furniture,South,200,4
2024-02-01,Desk,Furniture,East,700,2
2024-02-02,Phone,Electronics,North,1000,5
2024-02-03,Monitor,Electronics,South,800,4
2024-02-04,Laptop,Electronics,West,2400,4
2024-02-05,Table,Furniture,East,450,1
2024-02-06,Chair,Furniture,North,180,3
2024-02-07,Phone,Electronics,South,400,2
2024-02-08,Laptop,Electronics,East,1800,3
2024-02-09,Desk,Furniture,West,350,1
2024-02-10,Monitor,Electronics,North,600,3
2024-03-01,Phone,Electronics,South,1200,6
2024-03-02,Laptop,Electronics,North,2400,4
2024-03-03,Chair,Furniture,East,225,5
2024-03-04,Table,Furniture,West,600,2
2024-03-05,Monitor,Electronics,South,1000,5
2024-03-06,Desk,Furniture,North,420,3
2024-03-07,Phone,Electronics,East,800,4
2024-03-08,Laptop,Electronics,South,1800,3
2024-03-09,Chair,Furniture,West,150,3
2024-03-10,Monitor,Electronics,North,400,2